{"cameraMode":{"drawMode":0,"name":"Shaded","section":"Shading Mode"},"sceneLighting":true,"audioPlay":false,"sceneViewState":{"m_AlwaysRefresh":true,"showFog":false,"showSkybox":true,"showFlares":true,"showImageEffects":true,"showParticleSystems":true,"showVisualEffectGraphs":true,"m_FxEnabled":true},"in2DMode":false,"pivot":{"x":-1.9632253646850587,"y":30.558765411376954,"z":-96.97976684570313},"rotation":{"x":-0.12881989777088166,"y":0.16870759427547456,"z":0.022245513275265695,"w":0.9769589900970459},"size":13.165019035339356,"orthographic":false}