{"cameraMode":{"drawMode":0,"name":"Shaded","section":"Shading Mode"},"sceneLighting":true,"audioPlay":false,"sceneViewState":{"showFog":false,"showMaterialUpdate":true,"showSkybox":true,"showFlares":true,"showImageEffects":true,"showParticleSystems":true},"in2DMode":false,"pivot":{"x":276.71417236328127,"y":17.928281784057618,"z":363.86627197265627},"rotation":{"x":-0.04032431170344353,"y":0.957778811454773,"z":0.16804958879947663,"w":0.22980692982673646},"size":3.6027121543884279,"orthographic":false}